{
    "1061": true,
    "1109": true,
    "1175": true,
    "1181": true,
    "1452": true,
    "1481": true,
    "1529": true,
    "1663": true,
    "1725": true,
    "1757": true,
    "1822": true,
    "1890": true,
    "1899": true,
    "1941": true,
    "2089": true,
    "2119": true,
    "2132": true,
    "2313": true,
    "2315": true,
    "2363": true,
    "2387": true,
    "2437": true,
    "2491": true,
    "2553": true,
    "2678": true,
    "2685": true,
    "2736": true,
    "2768": true,
    "2821": true,
    "2859": true,
    "2862": true,
    "2909": true,
    "2916": true,
    "2979": true,
    "3037": true,
    "3343": true
}