{
  "41": true,
  "42": true,
  "100": true,
  "101": true,
  "102": true,
  "103": true,
  "157": true,
  "158": true,
  "159": true,
  "160": true,
  "161": true,
  "162": true,
  "216": true,
  "217": true,
  "218": true,
  "219": true,
  "220": true,
  "221": true,
  "222": true,
  "276": true,
  "277": true,
  "278": true,
  "279": true,
  "280": true,
  "281": true,
  "282": true,
  "335": true,
  "336": true,
  "337": true,
  "338": true,
  "339": true,
  "340": true,
  "341": true,
  "342": true,
  "343": true,
  "394": true,
  "395": true,
  "396": true,
  "397": true,
  "398": true,
  "399": true,
  "400": true,
  "401": true,
  "402": true,
  "454": true,
  "455": true,
  "456": true,
  "457": true,
  "458": true,
  "459": true,
  "460": true,
  "461": true,
  "462": true,
  "463": true,
  "513": true,
  "514": true,
  "515": true,
  "516": true,
  "517": true,
  "518": true,
  "519": true,
  "520": true,
  "521": true,
  "522": true,
  "523": true,
  "524": true,
  "572": true,
  "573": true,
  "574": true,
  "575": true,
  "576": true,
  "577": true,
  "578": true,
  "581": true,
  "582": true,
  "583": true,
  "584": true,
  "631": true,
  "632": true,
  "633": true,
  "634": true,
  "635": true,
  "636": true,
  "637": true,
  "638": true,
  "641": true,
  "642": true,
  "643": true,
  "644": true,
  "690": true,
  "691": true,
  "692": true,
  "693": true,
  "694": true,
  "695": true,
  "696": true,
  "697": true,
  "698": true,
  "700": true,
  "701": true,
  "702": true,
  "703": true,
  "704": true,
  "749": true,
  "750": true,
  "751": true,
  "752": true,
  "753": true,
  "754": true,
  "755": true,
  "756": true,
  "757": true,
  "760": true,
  "761": true,
  "762": true,
  "763": true,
  "764": true,
  "765": true,
  "807": true,
  "808": true,
  "809": true,
  "810": true,
  "811": true,
  "812": true,
  "813": true,
  "814": true,
  "815": true,
  "816": true,
  "819": true,
  "820": true,
  "821": true,
  "822": true,
  "823": true,
  "824": true,
  "825": true,
  "866": true,
  "867": true,
  "868": true,
  "869": true,
  "870": true,
  "871": true,
  "872": true,
  "873": true,
  "874": true,
  "875": true,
  "878": true,
  "879": true,
  "880": true,
  "881": true,
  "882": true,
  "883": true,
  "884": true,
  "885": true,
  "920": true,
  "926": true,
  "927": true,
  "928": true,
  "929": true,
  "930": true,
  "931": true,
  "932": true,
  "933": true,
  "934": true,
  "935": true,
  "938": true,
  "939": true,
  "940": true,
  "941": true,
  "942": true,
  "943": true,
  "944": true,
  "980": true,
  "986": true,
  "987": true,
  "988": true,
  "989": true,
  "990": true,
  "991": true,
  "992": true,
  "993": true,
  "994": true,
  "995": true,
  "999": true,
  "1000": true,
  "1001": true,
  "1002": true,
  "1003": true,
  "1004": true,
  "1034": true,
  "1036": true,
  "1037": true,
  "1038": true,
  "1045": true,
  "1046": true,
  "1047": true,
  "1048": true,
  "1049": true,
  "1050": true,
  "1051": true,
  "1052": true,
  "1053": true,
  "1054": true,
  "1055": true,
  "1059": true,
  "1060": true,
  "1061": true,
  "1062": true,
  "1093": true,
  "1095": true,
  "1096": true,
  "1097": true,
  "1105": true,
  "1106": true,
  "1107": true,
  "1108": true,
  "1109": true,
  "1110": true,
  "1111": true,
  "1112": true,
  "1113": true,
  "1114": true,
  "1115": true,
  "1116": true,
  "1120": true,
  "1155": true,
  "1156": true,
  "1157": true,
  "1158": true,
  "1165": true,
  "1166": true,
  "1167": true,
  "1168": true,
  "1169": true,
  "1170": true,
  "1171": true,
  "1172": true,
  "1173": true,
  "1174": true,
  "1175": true,
  "1176": true,
  "1181": true,
  "1182": true,
  "1183": true,
  "1184": true,
  "1215": true,
  "1216": true,
  "1217": true,
  "1218": true,
  "1226": true,
  "1227": true,
  "1230": true,
  "1231": true,
  "1232": true,
  "1233": true,
  "1234": true,
  "1239": true,
  "1240": true,
  "1241": true,
  "1242": true,
  "1243": true,
  "1271": true,
  "1272": true,
  "1274": true,
  "1275": true,
  "1276": true,
  "1290": true,
  "1291": true,
  "1292": true,
  "1293": true,
  "1294": true,
  "1297": true,
  "1300": true,
  "1301": true,
  "1302": true,
  "1303": true,
  "1329": true,
  "1330": true,
  "1331": true,
  "1332": true,
  "1333": true,
  "1335": true,
  "1336": true,
  "1337": true,
  "1348": true,
  "1351": true,
  "1352": true,
  "1353": true,
  "1354": true,
  "1356": true,
  "1359": true,
  "1361": true,
  "1362": true,
  "1363": true,
  "1364": true,
  "1389": true,
  "1390": true,
  "1391": true,
  "1392": true,
  "1393": true,
  "1395": true,
  "1396": true,
  "1397": true,
  "1407": true,
  "1408": true,
  "1411": true,
  "1412": true,
  "1413": true,
  "1414": true,
  "1416": true,
  "1419": true,
  "1420": true,
  "1422": true,
  "1423": true,
  "1424": true,
  "1449": true,
  "1450": true,
  "1451": true,
  "1452": true,
  "1456": true,
  "1457": true,
  "1467": true,
  "1468": true,
  "1471": true,
  "1472": true,
  "1473": true,
  "1478": true,
  "1479": true,
  "1480": true,
  "1481": true,
  "1482": true,
  "1483": true,
  "1484": true,
  "1485": true,
  "1508": true,
  "1509": true,
  "1510": true,
  "1511": true,
  "1512": true,
  "1514": true,
  "1516": true,
  "1517": true,
  "1527": true,
  "1528": true,
  "1529": true,
  "1531": true,
  "1532": true,
  "1538": true,
  "1539": true,
  "1540": true,
  "1541": true,
  "1542": true,
  "1543": true,
  "1544": true,
  "1545": true,
  "1546": true,
  "1547": true,
  "1568": true,
  "1569": true,
  "1570": true,
  "1571": true,
  "1574": true,
  "1575": true,
  "1576": true,
  "1577": true,
  "1587": true,
  "1589": true,
  "1599": true,
  "1600": true,
  "1601": true,
  "1602": true,
  "1603": true,
  "1604": true,
  "1605": true,
  "1606": true,
  "1607": true,
  "1632": true,
  "1633": true,
  "1634": true,
  "1635": true,
  "1636": true,
  "1637": true,
  "1647": true,
  "1648": true,
  "1655": true,
  "1658": true,
  "1659": true,
  "1660": true,
  "1661": true,
  "1662": true,
  "1663": true,
  "1664": true,
  "1665": true,
  "1666": true,
  "1667": true,
  "1668": true,
  "1694": true,
  "1695": true,
  "1696": true,
  "1697": true,
  "1698": true,
  "1699": true,
  "1703": true,
  "1704": true,
  "1705": true,
  "1706": true,
  "1707": true,
  "1708": true,
  "1709": true,
  "1710": true,
  "1711": true,
  "1712": true,
  "1713": true,
  "1714": true,
  "1715": true,
  "1716": true,
  "1717": true,
  "1718": true,
  "1719": true,
  "1720": true,
  "1721": true,
  "1722": true,
  "1723": true,
  "1724": true,
  "1725": true,
  "1726": true,
  "1727": true,
  "1728": true,
  "1729": true,
  "1752": true,
  "1753": true,
  "1754": true,
  "1755": true,
  "1756": true,
  "1757": true,
  "1758": true,
  "1762": true,
  "1763": true,
  "1764": true,
  "1765": true,
  "1766": true,
  "1767": true,
  "1768": true,
  "1769": true,
  "1770": true,
  "1771": true,
  "1772": true,
  "1773": true,
  "1774": true,
  "1775": true,
  "1776": true,
  "1777": true,
  "1778": true,
  "1779": true,
  "1780": true,
  "1781": true,
  "1782": true,
  "1783": true,
  "1784": true,
  "1785": true,
  "1786": true,
  "1787": true,
  "1788": true,
  "1811": true,
  "1812": true,
  "1813": true,
  "1814": true,
  "1815": true,
  "1816": true,
  "1817": true,
  "1821": true,
  "1822": true,
  "1823": true,
  "1824": true,
  "1825": true,
  "1826": true,
  "1827": true,
  "1828": true,
  "1829": true,
  "1830": true,
  "1831": true,
  "1832": true,
  "1833": true,
  "1834": true,
  "1835": true,
  "1836": true,
  "1837": true,
  "1838": true,
  "1839": true,
  "1840": true,
  "1841": true,
  "1842": true,
  "1843": true,
  "1844": true,
  "1845": true,
  "1846": true,
  "1847": true,
  "1848": true,
  "1850": true,
  "1851": true,
  "1879": true,
  "1880": true,
  "1881": true,
  "1882": true,
  "1883": true,
  "1884": true,
  "1885": true,
  "1886": true,
  "1887": true,
  "1888": true,
  "1889": true,
  "1890": true,
  "1891": true,
  "1892": true,
  "1893": true,
  "1894": true,
  "1895": true,
  "1896": true,
  "1897": true,
  "1898": true,
  "1899": true,
  "1900": true,
  "1901": true,
  "1902": true,
  "1903": true,
  "1904": true,
  "1905": true,
  "1906": true,
  "1907": true,
  "1908": true,
  "1909": true,
  "1910": true,
  "1911": true,
  "1934": true,
  "1935": true,
  "1938": true,
  "1939": true,
  "1940": true,
  "1941": true,
  "1942": true,
  "1943": true,
  "1944": true,
  "1945": true,
  "1946": true,
  "1947": true,
  "1948": true,
  "1949": true,
  "1950": true,
  "1951": true,
  "1952": true,
  "1953": true,
  "1954": true,
  "1955": true,
  "1956": true,
  "1957": true,
  "1958": true,
  "1959": true,
  "1960": true,
  "1961": true,
  "1962": true,
  "1963": true,
  "1964": true,
  "1965": true,
  "1966": true,
  "1967": true,
  "1968": true,
  "1969": true,
  "1970": true,
  "1971": true,
  "1972": true,
  "1973": true,
  "1976": true,
  "1991": true,
  "1992": true,
  "1993": true,
  "1995": true,
  "1996": true,
  "1997": true,
  "1998": true,
  "1999": true,
  "2000": true,
  "2001": true,
  "2002": true,
  "2003": true,
  "2004": true,
  "2005": true,
  "2006": true,
  "2007": true,
  "2008": true,
  "2009": true,
  "2010": true,
  "2011": true,
  "2012": true,
  "2013": true,
  "2014": true,
  "2015": true,
  "2016": true,
  "2017": true,
  "2018": true,
  "2019": true,
  "2020": true,
  "2021": true,
  "2022": true,
  "2023": true,
  "2024": true,
  "2025": true,
  "2026": true,
  "2027": true,
  "2028": true,
  "2029": true,
  "2030": true,
  "2031": true,
  "2032": true,
  "2033": true,
  "2034": true,
  "2035": true,
  "2036": true,
  "2037": true,
  "2038": true,
  "2051": true,
  "2052": true,
  "2053": true,
  "2054": true,
  "2055": true,
  "2056": true,
  "2057": true,
  "2058": true,
  "2059": true,
  "2060": true,
  "2061": true,
  "2062": true,
  "2063": true,
  "2064": true,
  "2065": true,
  "2066": true,
  "2067": true,
  "2068": true,
  "2069": true,
  "2070": true,
  "2071": true,
  "2072": true,
  "2073": true,
  "2074": true,
  "2075": true,
  "2076": true,
  "2077": true,
  "2078": true,
  "2079": true,
  "2080": true,
  "2081": true,
  "2082": true,
  "2083": true,
  "2084": true,
  "2085": true,
  "2086": true,
  "2087": true,
  "2088": true,
  "2089": true,
  "2090": true,
  "2091": true,
  "2092": true,
  "2093": true,
  "2094": true,
  "2095": true,
  "2096": true,
  "2097": true,
  "2098": true,
  "2113": true,
  "2114": true,
  "2115": true,
  "2116": true,
  "2117": true,
  "2118": true,
  "2119": true,
  "2120": true,
  "2121": true,
  "2122": true,
  "2123": true,
  "2124": true,
  "2125": true,
  "2126": true,
  "2127": true,
  "2128": true,
  "2129": true,
  "2130": true,
  "2131": true,
  "2132": true,
  "2133": true,
  "2134": true,
  "2135": true,
  "2136": true,
  "2137": true,
  "2138": true,
  "2139": true,
  "2140": true,
  "2141": true,
  "2142": true,
  "2143": true,
  "2144": true,
  "2145": true,
  "2146": true,
  "2147": true,
  "2148": true,
  "2149": true,
  "2150": true,
  "2151": true,
  "2152": true,
  "2153": true,
  "2154": true,
  "2155": true,
  "2156": true,
  "2157": true,
  "2158": true,
  "2159": true,
  "2173": true,
  "2174": true,
  "2175": true,
  "2176": true,
  "2177": true,
  "2178": true,
  "2179": true,
  "2180": true,
  "2181": true,
  "2182": true,
  "2183": true,
  "2184": true,
  "2185": true,
  "2186": true,
  "2187": true,
  "2188": true,
  "2189": true,
  "2190": true,
  "2191": true,
  "2192": true,
  "2193": true,
  "2194": true,
  "2195": true,
  "2196": true,
  "2197": true,
  "2198": true,
  "2199": true,
  "2200": true,
  "2201": true,
  "2202": true,
  "2203": true,
  "2204": true,
  "2205": true,
  "2206": true,
  "2207": true,
  "2208": true,
  "2209": true,
  "2210": true,
  "2211": true,
  "2212": true,
  "2213": true,
  "2214": true,
  "2215": true,
  "2216": true,
  "2217": true,
  "2234": true,
  "2235": true,
  "2236": true,
  "2237": true,
  "2238": true,
  "2239": true,
  "2240": true,
  "2241": true,
  "2242": true,
  "2243": true,
  "2244": true,
  "2245": true,
  "2246": true,
  "2247": true,
  "2248": true,
  "2249": true,
  "2250": true,
  "2251": true,
  "2252": true,
  "2253": true,
  "2254": true,
  "2255": true,
  "2256": true,
  "2257": true,
  "2258": true,
  "2259": true,
  "2260": true,
  "2261": true,
  "2262": true,
  "2263": true,
  "2264": true,
  "2265": true,
  "2266": true,
  "2267": true,
  "2268": true,
  "2269": true,
  "2270": true,
  "2271": true,
  "2272": true,
  "2273": true,
  "2274": true,
  "2275": true,
  "2276": true,
  "2277": true,
  "2294": true,
  "2295": true,
  "2296": true,
  "2297": true,
  "2298": true,
  "2299": true,
  "2300": true,
  "2301": true,
  "2302": true,
  "2303": true,
  "2304": true,
  "2305": true,
  "2306": true,
  "2307": true,
  "2308": true,
  "2309": true,
  "2310": true,
  "2311": true,
  "2312": true,
  "2313": true,
  "2314": true,
  "2315": true,
  "2316": true,
  "2317": true,
  "2318": true,
  "2319": true,
  "2320": true,
  "2321": true,
  "2322": true,
  "2323": true,
  "2324": true,
  "2325": true,
  "2326": true,
  "2327": true,
  "2328": true,
  "2329": true,
  "2330": true,
  "2331": true,
  "2332": true,
  "2333": true,
  "2334": true,
  "2335": true,
  "2336": true,
  "2344": true,
  "2345": true,
  "2353": true,
  "2354": true,
  "2355": true,
  "2356": true,
  "2357": true,
  "2358": true,
  "2359": true,
  "2360": true,
  "2361": true,
  "2362": true,
  "2363": true,
  "2364": true,
  "2365": true,
  "2366": true,
  "2369": true,
  "2370": true,
  "2371": true,
  "2372": true,
  "2373": true,
  "2374": true,
  "2375": true,
  "2376": true,
  "2377": true,
  "2378": true,
  "2379": true,
  "2380": true,
  "2381": true,
  "2382": true,
  "2383": true,
  "2384": true,
  "2385": true,
  "2386": true,
  "2387": true,
  "2388": true,
  "2389": true,
  "2390": true,
  "2391": true,
  "2392": true,
  "2393": true,
  "2394": true,
  "2403": true,
  "2404": true,
  "2405": true,
  "2406": true,
  "2407": true,
  "2413": true,
  "2414": true,
  "2415": true,
  "2416": true,
  "2417": true,
  "2418": true,
  "2419": true,
  "2420": true,
  "2421": true,
  "2422": true,
  "2423": true,
  "2424": true,
  "2425": true,
  "2426": true,
  "2427": true,
  "2428": true,
  "2430": true,
  "2431": true,
  "2432": true,
  "2433": true,
  "2434": true,
  "2435": true,
  "2436": true,
  "2437": true,
  "2438": true,
  "2439": true,
  "2440": true,
  "2441": true,
  "2442": true,
  "2443": true,
  "2444": true,
  "2445": true,
  "2446": true,
  "2447": true,
  "2448": true,
  "2449": true,
  "2453": true,
  "2454": true,
  "2456": true,
  "2463": true,
  "2464": true,
  "2465": true,
  "2466": true,
  "2467": true,
  "2468": true,
  "2469": true,
  "2472": true,
  "2473": true,
  "2474": true,
  "2475": true,
  "2476": true,
  "2477": true,
  "2478": true,
  "2479": true,
  "2480": true,
  "2481": true,
  "2482": true,
  "2483": true,
  "2484": true,
  "2485": true,
  "2486": true,
  "2487": true,
  "2488": true,
  "2489": true,
  "2490": true,
  "2491": true,
  "2492": true,
  "2493": true,
  "2494": true,
  "2495": true,
  "2496": true,
  "2497": true,
  "2498": true,
  "2499": true,
  "2500": true,
  "2501": true,
  "2502": true,
  "2503": true,
  "2504": true,
  "2505": true,
  "2506": true,
  "2507": true,
  "2508": true,
  "2512": true,
  "2513": true,
  "2514": true,
  "2515": true,
  "2523": true,
  "2524": true,
  "2525": true,
  "2526": true,
  "2527": true,
  "2528": true,
  "2529": true,
  "2530": true,
  "2531": true,
  "2532": true,
  "2533": true,
  "2534": true,
  "2535": true,
  "2536": true,
  "2537": true,
  "2538": true,
  "2539": true,
  "2540": true,
  "2541": true,
  "2542": true,
  "2543": true,
  "2544": true,
  "2545": true,
  "2546": true,
  "2547": true,
  "2548": true,
  "2550": true,
  "2551": true,
  "2552": true,
  "2553": true,
  "2554": true,
  "2555": true,
  "2556": true,
  "2557": true,
  "2558": true,
  "2559": true,
  "2560": true,
  "2561": true,
  "2562": true,
  "2563": true,
  "2564": true,
  "2565": true,
  "2566": true,
  "2567": true,
  "2568": true,
  "2573": true,
  "2583": true,
  "2584": true,
  "2585": true,
  "2586": true,
  "2587": true,
  "2588": true,
  "2589": true,
  "2590": true,
  "2591": true,
  "2592": true,
  "2593": true,
  "2594": true,
  "2595": true,
  "2596": true,
  "2597": true,
  "2598": true,
  "2599": true,
  "2600": true,
  "2601": true,
  "2602": true,
  "2603": true,
  "2605": true,
  "2606": true,
  "2607": true,
  "2608": true,
  "2612": true,
  "2613": true,
  "2614": true,
  "2615": true,
  "2616": true,
  "2617": true,
  "2618": true,
  "2619": true,
  "2620": true,
  "2621": true,
  "2622": true,
  "2623": true,
  "2624": true,
  "2625": true,
  "2626": true,
  "2627": true,
  "2642": true,
  "2643": true,
  "2644": true,
  "2645": true,
  "2646": true,
  "2647": true,
  "2648": true,
  "2649": true,
  "2650": true,
  "2651": true,
  "2652": true,
  "2653": true,
  "2654": true,
  "2655": true,
  "2656": true,
  "2657": true,
  "2660": true,
  "2661": true,
  "2662": true,
  "2666": true,
  "2667": true,
  "2668": true,
  "2672": true,
  "2673": true,
  "2674": true,
  "2675": true,
  "2676": true,
  "2677": true,
  "2678": true,
  "2679": true,
  "2680": true,
  "2681": true,
  "2682": true,
  "2683": true,
  "2684": true,
  "2685": true,
  "2686": true,
  "2687": true,
  "2701": true,
  "2702": true,
  "2703": true,
  "2704": true,
  "2705": true,
  "2706": true,
  "2707": true,
  "2708": true,
  "2709": true,
  "2710": true,
  "2711": true,
  "2712": true,
  "2713": true,
  "2714": true,
  "2715": true,
  "2716": true,
  "2717": true,
  "2726": true,
  "2727": true,
  "2728": true,
  "2729": true,
  "2733": true,
  "2734": true,
  "2735": true,
  "2736": true,
  "2737": true,
  "2738": true,
  "2739": true,
  "2740": true,
  "2741": true,
  "2742": true,
  "2743": true,
  "2744": true,
  "2745": true,
  "2746": true,
  "2747": true,
  "2761": true,
  "2762": true,
  "2763": true,
  "2764": true,
  "2765": true,
  "2766": true,
  "2767": true,
  "2768": true,
  "2769": true,
  "2770": true,
  "2771": true,
  "2772": true,
  "2773": true,
  "2774": true,
  "2775": true,
  "2776": true,
  "2784": true,
  "2787": true,
  "2788": true,
  "2789": true,
  "2794": true,
  "2795": true,
  "2796": true,
  "2797": true,
  "2798": true,
  "2799": true,
  "2800": true,
  "2801": true,
  "2802": true,
  "2803": true,
  "2804": true,
  "2805": true,
  "2806": true,
  "2821": true,
  "2822": true,
  "2823": true,
  "2824": true,
  "2825": true,
  "2826": true,
  "2827": true,
  "2828": true,
  "2829": true,
  "2830": true,
  "2831": true,
  "2832": true,
  "2833": true,
  "2844": true,
  "2848": true,
  "2849": true,
  "2850": true,
  "2856": true,
  "2857": true,
  "2858": true,
  "2859": true,
  "2860": true,
  "2861": true,
  "2862": true,
  "2863": true,
  "2864": true,
  "2865": true,
  "2866": true,
  "2867": true,
  "2881": true,
  "2882": true,
  "2883": true,
  "2884": true,
  "2885": true,
  "2886": true,
  "2887": true,
  "2888": true,
  "2889": true,
  "2890": true,
  "2891": true,
  "2892": true,
  "2909": true,
  "2910": true,
  "2911": true,
  "2912": true,
  "2916": true,
  "2917": true,
  "2918": true,
  "2919": true,
  "2920": true,
  "2921": true,
  "2922": true,
  "2923": true,
  "2924": true,
  "2925": true,
  "2940": true,
  "2941": true,
  "2942": true,
  "2943": true,
  "2944": true,
  "2945": true,
  "2946": true,
  "2947": true,
  "2948": true,
  "2949": true,
  "2950": true,
  "2951": true,
  "2955": true,
  "2957": true,
  "2963": true,
  "2964": true,
  "2970": true,
  "2971": true,
  "2972": true,
  "2973": true,
  "2977": true,
  "2978": true,
  "2979": true,
  "2980": true,
  "2981": true,
  "2982": true,
  "2983": true,
  "2984": true,
  "2985": true,
  "3003": true,
  "3004": true,
  "3005": true,
  "3006": true,
  "3007": true,
  "3008": true,
  "3009": true,
  "3010": true,
  "3011": true,
  "3012": true,
  "3014": true,
  "3023": true,
  "3024": true,
  "3031": true,
  "3032": true,
  "3033": true,
  "3034": true,
  "3037": true,
  "3038": true,
  "3039": true,
  "3040": true,
  "3041": true,
  "3042": true,
  "3043": true,
  "3063": true,
  "3064": true,
  "3065": true,
  "3066": true,
  "3067": true,
  "3068": true,
  "3069": true,
  "3070": true,
  "3083": true,
  "3084": true,
  "3092": true,
  "3093": true,
  "3095": true,
  "3097": true,
  "3098": true,
  "3099": true,
  "3100": true,
  "3102": true,
  "3104": true,
  "3124": true,
  "3127": true,
  "3128": true,
  "3143": true,
  "3152": true,
  "3153": true,
  "3157": true,
  "3158": true,
  "3159": true,
  "3160": true,
  "3161": true,
  "3165": true,
  "3213": true,
  "3218": true,
  "3219": true,
  "3220": true,
  "3221": true,
  "3268": true,
  "3269": true,
  "3270": true,
  "3271": true,
  "3272": true,
  "3279": true,
  "3280": true,
  "3281": true,
  "3282": true,
  "3283": true,
  "3285": true,
  "3329": true,
  "3330": true,
  "3331": true,
  "3339": true,
  "3340": true,
  "3341": true,
  "3343": true,
  "3344": true,
  "3390": true,
  "3391": true,
  "3400": true,
  "3401": true,
  "3405": true,
  "3406": true,
  "3461": true,
  "3468": true,
  "3527": true,
  "3583": true,
  "3584": true,
  "3585": true
}